coffee_cups_per_day,heart_rate_bpm
5.2936153,91.18722
5.4900236,92.439804
2.2971826,75.8494
5.7558336,102.77978
2.3426893,76.42407
3.605372,90.38515
1.5394349,77.6819
4.761848,93.620926
5.6446285,97.5759
0.79911554,75.07717
5.607589,94.048004
3.561478,87.839554
5.216427,87.36317
3.4062917,89.16567
4.446564,91.7125
2.576427,82.87781
5.3126574,99.19256
3.4434266,86.23849
1.5994803,74.65946
3.764695,83.60642
1.6177901,74.33029
2.6481814,76.17238
1.781525,75.50353
4.990113,92.07416
0.63188946,66.57613
1.616969,77.60288
2.152876,72.98454
1.1961826,73.13521
3.2831492,82.41079
0.03696263,67.32993
5.709327,92.776596
0.4515953,78.43594
5.316082,95.15897
3.4992576,76.48045
2.0258865,74.01511
4.85385,88.44299
3.4675522,86.44924
5.42389,90.343475
3.327959,85.4837
2.0538805,85.05674
3.806051,90.66322
2.1864617,81.97772
4.262573,93.45451
5.6784663,93.426346
4.7341785,91.145386
1.6884824,76.34764
4.731794,89.2932
3.5367787,80.988106
4.523505,88.17599
1.1714848,72.50955
0.03027463,69.54885
1.8409184,84.035736
0.69893146,74.9521
5.4616165,100.198425
3.864094,83.95317
4.2426405,90.96814
3.9487834,80.518715
2.947812,81.82131
5.347825,90.645874
0.8684592,73.790344
3.1888912,81.55608
0.95237947,73.35882
3.925056,87.07961
1.9668531,79.73221
3.9192488,88.33305
2.3749757,79.86108
5.4881754,95.75872
1.2218943,73.923256
1.210806,74.84007
1.210698,75.552826
5.6983285,95.59362
3.9997535,87.96331
5.886752,98.35444
0.52417123,70.2464
0.024371624,69.49976
0.6529087,75.07031
0.98193276,75.207726
4.2151203,87.99037
4.0742273,90.67968
5.492773,95.13328
1.4507239,70.26368
0.9548646,73.381386
4.5917344,89.121925
1.7873865,85.69015
4.820771,95.113495
2.288098,75.34276
4.716138,91.21988
0.669096,76.2431
1.4860507,75.59419
3.9146295,86.72622
3.6342225,82.13463
2.2351236,76.71832
4.7882085,94.69249
5.0394278,92.20956
0.82447994,76.1056
1.3983954,78.782646
5.746986,92.68149
1.9877025,80.040146
1.9364508,81.53169
0.09721613,66.54071
1.2819893,77.609245
3.749411,92.762115
2.6040206,82.05667
0.82234204,74.6003
3.0703702,86.04887
0.9507555,74.837654
0.45481002,78.24094
1.3480121,78.25992
0.37436378,69.94299
1.0897858,74.26605
5.9988265,96.252716
3.5666249,88.90657
3.924479,86.11923
0.2019471,62.795914
1.0296786,79.16459
2.0014324,79.785805
3.4691133,81.08771
0.36023605,72.21211
1.7073809,74.76907
1.2039943,72.57266
3.0083137,85.046074
1.8836904,79.76585
2.7921128,85.2378
0.9671109,78.47928
0.9408145,74.52423
1.2497946,77.10114
1.9731077,80.07545
0.6321573,63.38917
5.5154095,95.314514
2.4046078,81.069595
5.58119,97.08709
3.9347463,85.68114
0.45960903,67.76348
5.0761056,100.1675
2.1745656,82.85079
1.8500218,79.46462
0.5097885,72.447685
0.017518044,75.133965
3.858332,88.1746
2.3446684,82.32375
4.167969,85.543686
0.53800964,73.89302
5.2272873,92.2318
0.7978388,70.89662
2.4819798,81.606606
3.626609,83.65221
4.5487556,86.30244
5.4219313,97.11331
5.7328777,92.494865
0.6212336,73.40122
3.7550018,80.3124
1.7096221,79.74113
2.6712456,81.76041
0.7545297,72.84714
5.732576,92.748634
0.7981485,71.347824
4.6033535,92.59591
4.054319,90.98055
3.9748678,91.553955
1.3780614,74.81946
5.7268543,96.077736
3.6592512,90.294876
3.38592,84.824615
0.35623562,70.55781
4.2593656,94.4847
2.5499382,81.60003
1.6256272,80.943596
5.5768394,98.181694
3.6688464,84.69604
1.3401707,78.96917
1.4815832,76.87195
2.8567328,77.01643
4.675084,90.967995
2.2333984,75.80439
1.2882754,79.98711
1.9726714,76.14082
0.7587755,71.560394
4.0698977,91.68334
5.3221207,94.927574
0.17567897,68.78919
3.696752,93.45715
4.549775,88.985825
3.5439882,84.63446
1.9316261,83.755775
4.5658264,93.48092
4.5765395,89.64997
4.121782,88.97874
2.4728358,84.192894
2.2055962,80.66588
3.3209429,89.23923
2.4700377,79.11219
2.1059968,78.87954
4.9176207,93.64131
5.5781984,94.01975
2.703008,81.8255
2.3283095,85.87413
3.043777,78.39543
2.8208752,89.175186
3.7212338,86.14998
3.8407009,82.43194
0.2752297,66.856705
1.8928868,89.10566
5.526388,99.58065
4.168665,91.75361
2.8507872,77.48896
1.1912827,79.74909
1.1645848,72.84544
0.31269944,63.981384
2.0221128,78.69295
4.0131125,92.85588
4.9128647,90.424614
4.385092,86.26664
0.3481679,67.311676
1.1959126,75.43507
2.52655,77.69921
5.9020486,102.797295
3.4339724,84.22935
2.2230878,81.333015
4.2411456,92.582726
1.8573554,82.82125
1.058233,79.20846
5.189662,93.09086
1.6358947,69.32916
2.3985996,76.022995
0.015587211,72.85373
5.007812,93.51265
5.272904,94.38063
4.0933447,89.661545
0.9081774,74.52356
0.03918028,71.90497
0.5634631,72.80995
5.2371006,94.349525
4.440317,91.181496
5.5245132,89.753586
4.5716095,85.344444
3.7592764,86.1419
2.970622,83.791214
0.7184819,75.170525
0.42968345,65.21245
0.19395411,70.533066
4.228086,90.03491
1.527096,79.913605
2.3962421,77.94912
1.2734842,70.72617
2.4533293,80.521614
0.8884953,71.206024
1.039753,81.253075
3.9951324,88.61349
2.1084108,85.67756
4.85203,88.38384
2.0375738,74.83932
0.7992983,65.540276
2.470683,83.243095
1.5457578,77.07704
2.0821753,77.57646
0.14401317,72.599
4.6784725,95.190285
0.9113864,75.24234
4.507853,88.92227
4.361353,99.61642
5.143298,94.30304
0.69884384,76.564384
5.1575904,92.00364
1.5817451,76.456795
4.113208,88.75323
5.817344,90.566025
2.5769043,80.09169
2.9767995,85.412155
2.3093083,82.78211
0.49504638,72.10269
4.4397087,86.87032
0.021846414,68.0364
4.8623996,89.75585
5.244675,92.691956
5.837119,93.75047
2.2923613,78.96522
0.53507423,72.57969
3.674491,90.902725
4.657282,91.28296
0.0140737295,67.31806
2.319049,79.44693
1.2016336,78.099785
2.737609,79.635124
1.5233595,73.53191
1.7736973,80.022644
2.0476234,79.32987
0.1490879,66.2617
5.4615226,92.022514
5.5149937,95.26135
2.5293927,72.80001
2.6583538,83.41851
1.7756402,84.649254
0.29081154,66.575035
0.080566764,69.90655
4.1149755,94.66034
1.3528615,76.324165
1.071369,77.41178
2.7659304,87.40338
2.0009665,81.39624
2.0294375,78.64859
3.0963936,87.38613
2.3636627,79.274086
1.9670627,81.00011
1.5635823,76.060905
0.5585178,70.39519
5.5155215,94.19249
1.7994386,78.79593
3.7949386,82.715546
1.9591023,80.22827
3.243784,86.15898
5.796901,94.259605
4.382168,92.62547
0.40020096,69.37907
4.190708,87.206215
5.8477287,91.80176
3.78925,90.8186
5.0112743,84.54321
5.9576626,95.11755
2.540313,83.3914
3.6226635,82.59117
0.9148947,74.12891
2.3817687,77.1339
5.221751,94.28204
4.5379376,87.77654
1.101633,77.992134
0.594345,73.34624
0.949909,78.334625
0.03936696,70.1463
0.68508303,67.302666
2.2581077,87.67852
5.0246315,90.29939
3.5021467,86.157
0.71818364,74.47675
0.59332824,76.88973
4.492426,95.00752
0.7684761,71.025795
2.6306176,80.6167
4.4391184,88.373314
1.6115638,72.939316
2.6728802,79.93469
2.7388666,81.852646
2.2902498,80.82682
1.4789035,75.822876
0.3256849,71.11071
0.574929,74.29565
1.393615,79.80011
5.8975134,94.4563
1.5509559,78.353516
0.98541605,69.424644
3.7271826,86.633026
3.8268309,85.46954
4.643729,91.92241
5.280361,93.061455
4.6706223,94.50014
0.025497079,72.63539
3.2660658,84.22784
4.8172593,91.10206
2.7227235,86.93843
1.2321625,82.56125
5.8600197,90.83734
1.8779165,77.90135
1.2919664,79.79806
0.29533482,70.45219
3.134005,89.949615
4.329399,96.09296
3.6640885,83.850044
3.5932493,80.169716
0.72483766,65.537346
0.19833827,72.17279
3.052828,82.340515
5.7355022,97.548355
4.730764,82.996346
1.2532972,74.67151
2.6105742,80.56254
0.7884493,70.46442
1.5527297,78.20652
3.543295,81.83034
4.6336155,90.57714
5.485108,91.285965
0.24568176,76.25886
5.0058455,87.70496
0.8841237,69.76302
4.1234016,86.86684
5.538736,92.06684
3.0421271,78.14414
5.729427,86.87609
0.4438455,76.79898
1.8541224,76.46074
4.7497587,90.759186
2.3463964,79.269646
2.3858993,77.819466
1.749625,76.69975
5.0679183,96.02563
4.4715095,88.79615
3.9613502,82.36687
1.314109,73.11015
0.56475127,73.79715
3.324482,89.46201
3.8888364,90.37375
1.6148643,80.41754
2.1606069,71.35491
5.026103,93.74533
3.238979,91.13927
3.135355,87.974144
2.2616982,84.12636
0.2832309,70.67495
0.17922771,71.61276
1.5659548,75.766556
1.4750358,78.42244
3.934661,93.55316
2.1266677,85.14237
1.8263336,76.761826
5.8602896,93.743004
4.0449686,83.00091
5.138707,93.0075
1.5476618,81.16386
1.7745996,81.59096
4.1026216,85.423454
1.0011746,72.50973
1.0388879,75.806625
2.855101,82.24582
1.902718,73.77718
0.75102603,75.65342
4.779477,90.327286
5.4124885,94.07218
3.48667,90.09546
2.4776602,84.191414
0.22118104,67.632034
1.9072838,79.946556
3.7637568,88.26013
4.4145927,89.38538
2.6207476,85.85494
1.8139415,79.644875
4.671678,89.66645
0.61080086,71.94487
4.896054,90.607414
1.8361355,80.73717
3.045916,79.46099
2.4071524,83.95312
3.3637168,87.587326
2.0934048,80.670876
5.1813807,95.37871
2.9220085,86.36475
5.3417983,96.37009
5.8844414,97.26581
1.5384271,73.51212
0.81147265,77.08748
5.406906,96.37401
5.3508415,95.04526
0.7093581,71.1286
2.7680902,84.44855
0.04162109,67.41843
0.5442027,77.63493
3.5794277,80.14783
3.7981038,91.79078
3.6359432,85.75044
2.183506,81.01595
5.767733,101.04986
3.4289339,84.21885
1.2297456,74.61202
2.8301587,87.990715
3.7204356,86.6247
4.050578,92.19872
0.8787575,74.45721
4.1243687,86.35195
1.467355,73.842415
0.5071789,76.85385
1.3613777,72.879684
5.893228,94.93893
5.5645733,96.30889
5.6864533,100.106735
4.7610335,96.83853
5.266349,91.217354
2.5984507,89.34429
1.3493164,73.79932
4.4989696,91.82785
1.4454517,80.86542
0.9754025,71.36275
2.041998,76.22257
3.6295776,86.25077
4.5443897,89.09323
1.834773,75.76307
1.2343011,69.89439
3.4046793,84.06459
1.2317004,74.094666
1.0468158,72.86079
4.563756,88.75828
2.496046,85.24945
5.741355,96.6763
5.918348,93.86524
3.8973165,84.69173
4.032473,88.64132
3.6908512,92.079445
3.0469828,85.80554
2.7818027,80.62555
3.0412323,86.430115
4.1202745,90.98823
5.7893124,95.924965
2.2225227,78.672195
1.7318527,74.806244
